File Name,Reference,Verse
0-2440021.jpg,,"El futuro no se predice, se diseña.
"
1-2707645.jpg,,"Lo que hoy parece magia, mañana será rutina.
"
2-3756718.jpg,,"El verdadero poder está en quien sabe hacia dónde mira el cambio.
"
3-1496373.jpg,,"Quien domina el lenguaje de las máquinas, moldea el mundo.
"
4-2524874.jpg,,"El mañana no pertenece al más fuerte, sino al más adaptado.
"
5-1834407.jpg,,"La revolución silenciosa ya ha comenzado.
"
6-345522.jpg,,"Cada avance es una puerta, elige si entrar o quedarte mirando.
"
7-2402995.jpg,,"La mente que no evoluciona, se extingue en lo cotidiano.
"
8-2591408.jpg,,"El conocimiento sin acción es solo una ilusión de control.
"
9-1643113.jpg,,"Si no estás creando el futuro, ya formas parte del pasado.
"
10-147411.jpg,,"Aprender a tiempo es la nueva forma de supervivencia.
"
11-1078983.jpg,,"La velocidad ya no es una opción, es el mínimo requerido.
"
12-4064432.jpg,,"Los que dudan, serán espectadores.
"
13-675764.jpg,,"El mundo no espera a los indecisos.
"
14-3227984.jpg,,"Ser pionero no es arriesgado, es necesario.
"
15-2662116.jpg,,"No se trata de entender la tecnología, sino de entender su dirección.
"
16-884547.jpg,,"El que observa desde la barrera, nunca cambia las reglas del juego.
"
17-3464632.jpg,,"Las herramientas cambian, pero la visión sigue marcando la diferencia.
"
18-808465.jpg,,"Hay una brecha entre los que saben y los que hacen.
"
19-2387873.jpg,,"El futuro premia a los que se anticipan, no a los que reaccionan.
"
20-1287145.jpg,,"La mente que se resiste a lo nuevo, construye su propia jaula.
"
21-849403.jpg,,"No importa cuánta información tengas, sino cómo la transformas.
"
22-1459534.jpg,,"Todo sistema nace para ser dominado por quien se atreve.
"
23-1770809.jpg,,"Ser humano no es suficiente en un mundo hiperconectado.
"
24-1761279.jpg,,"El talento sin evolución es nostalgia.
"
25-2583833.jpg,,"Hay quienes esperan el cambio y quienes lo programan.
"
26-1450082.jpg,,"No es ciencia ficción, es tu nueva competencia.
"
27-1819631.jpg,,"Pensar diferente ya no es rebeldía, es estrategia.
"
28-3225517.jpg,,"El que no se reinventa, repite su fracaso.
"
29-2310641.jpg,,"La nueva élite no se forma en despachos, sino en entornos de código.
"
30-1144687.jpg,,"Lo importante ya no es saber, sino saber transformar.
"
31-2437295.jpg,,"Tu intuición necesita datos.
"
32-2683365.jpg,,"Si tus métodos no cambian, tu impacto tampoco.
"
33-2627945.jpg,,"En el mundo que viene, el silencio digital es irrelevancia.
"
34-1647972.jpg,,"Los límites no son técnicos, son mentales.
"
35-2724664.jpg,,"Cada segundo que dudas, alguien automatiza tu ventaja.
"
36-614484.jpg,,"Hay sabiduría en el caos, si sabes leer el patrón.
"
37-1517162.jpg,,"El futuro no es una época, es una mentalidad.
"
38-1834399.jpg,,"Ser útil ya no es suficiente, hay que ser imprescindible.
"
39-1179229.jpg,,"La mente conectada no compite, colabora con sistemas.
"
40-1752372.jpg,,"Lo importante no es la herramienta, sino el propósito.
"
41-3560044.jpg,,"La precisión será la nueva forma de intuición.
"
42-3584430.jpg,,"Tu legado depende de lo que construyas con visión.
"
43-1785493.jpg,,"Aprender a aprender es la única ventaja sostenible.
"
44-963713.jpg,,"La evolución no es una línea recta, es un salto de sistema.
"
45-1743165.jpg,,"Si no te reinventas tú, lo hará alguien más por ti."
